Block_Index,Message,HashTime_uS,VerifyTime_uS,PrevHash_OK,Valid
228,"t=22.96,h=36.21,p=1011.93",62,106,False,False
229,"t=22.96,h=36.21,p=1011.93",70,6,False,False
230,"t=22.96,h=36.21,p=1011.93",62,6,False,False
231,"t=22.96,h=36.22,p=1011.92",61,5,False,False
232,"t=22.96,h=36.22,p=1011.92",63,6,False,False
233,"t=22.96,h=36.22,p=1011.92",61,5,False,False
234,"t=22.96,h=36.22,p=1011.92",62,5,False,False
235,"t=22.96,h=36.22,p=1011.92",61,5,False,False
236,"t=22.96,h=36.22,p=1011.92",62,5,False,False
237,"t=22.96,h=36.22,p=1011.92",61,5,False,False
238,"t=22.96,h=36.22,p=1011.92",62,6,False,False
239,"t=22.96,h=36.22,p=1011.92",61,5,False,False
240,"t=22.96,h=36.22,p=1011.92",63,25,False,False
241,"t=22.96,h=36.22,p=1011.90",70,14,False,False
242,"t=22.96,h=36.22,p=1011.90",62,7,False,False
243,"t=22.96,h=36.22,p=1011.90",61,7,False,False
244,"t=22.96,h=36.22,p=1011.90",62,12,False,False
245,"t=22.96,h=36.22,p=1011.90",61,11,False,False
246,"t=22.96,h=36.22,p=1011.90",63,11,False,False
247,"t=22.96,h=36.22,p=1011.90",61,5,False,False
248,"t=22.96,h=36.22,p=1011.90",62,5,False,False
249,"t=22.96,h=36.22,p=1011.90",61,5,False,False
250,"t=22.95,h=36.23,p=1011.89",62,5,False,False
251,"t=22.95,h=36.23,p=1011.89",61,7,False,False
252,"t=22.95,h=36.23,p=1011.89",62,6,False,False
253,"t=22.95,h=36.23,p=1011.89",61,28,False,False
254,"t=22.95,h=36.23,p=1011.89",70,16,False,False
255,"t=22.95,h=36.23,p=1011.89",62,7,False,False
256,"t=22.95,h=36.23,p=1011.89",61,15,False,False
257,"t=22.95,h=36.23,p=1011.89",63,11,False,False
258,"t=22.95,h=36.23,p=1011.89",61,13,False,False
259,"t=22.95,h=36.23,p=1011.89",62,7,False,False
260,"t=22.97,h=36.25,p=1011.93",61,26,False,False
261,"t=22.97,h=36.25,p=1011.93",64,12,False,False
262,"t=22.97,h=36.25,p=1011.93",61,13,False,False
263,"t=22.97,h=36.25,p=1011.93",63,12,False,False
264,"t=22.97,h=36.25,p=1011.93",61,11,False,False
265,"t=22.97,h=36.25,p=1011.93",62,15,False,False
266,"t=22.97,h=36.25,p=1011.93",63,5,False,False
267,"t=22.97,h=36.25,p=1011.93",62,5,False,False
268,"t=22.97,h=36.25,p=1011.93",61,6,False,False
269,"t=22.97,h=36.25,p=1011.93",63,12,False,False
270,"t=22.96,h=36.25,p=1011.93",61,11,False,False
271,"t=22.96,h=36.25,p=1011.93",62,41,False,False
272,"t=22.96,h=36.25,p=1011.93",62,12,False,False
273,"t=22.96,h=36.25,p=1011.93",63,11,False,False
274,"t=22.96,h=36.25,p=1011.93",61,14,False,False
275,"t=22.96,h=36.25,p=1011.93",86,5,False,False
276,"t=22.96,h=36.25,p=1011.93",61,5,False,False
277,"t=22.96,h=36.25,p=1011.93",62,5,False,False
278,"t=22.96,h=36.25,p=1011.93",61,5,False,False
279,"t=22.96,h=36.25,p=1011.93",63,5,False,False
280,"t=22.97,h=36.22,p=1011.93",62,7,False,False
281,"t=22.97,h=36.22,p=1011.93",62,5,False,False
282,"t=22.97,h=36.22,p=1011.93",61,5,False,False
283,"t=22.97,h=36.22,p=1011.93",62,15,False,False
284,"t=22.97,h=36.22,p=1011.93",69,5,False,False
285,"t=22.97,h=36.22,p=1011.93",62,7,False,False
286,"t=22.97,h=36.22,p=1011.93",61,5,False,False
287,"t=22.97,h=36.22,p=1011.93",63,5,False,False
288,"t=22.97,h=36.22,p=1011.93",61,5,False,False
289,"t=22.97,h=36.25,p=1011.93",63,5,False,False
290,"t=22.97,h=36.25,p=1011.93",61,5,False,False
291,"t=22.97,h=36.25,p=1011.93",62,6,False,False
292,"t=22.97,h=36.25,p=1011.93",77,5,False,False
293,"t=22.97,h=36.25,p=1011.93",63,5,False,False
294,"t=22.97,h=36.25,p=1011.93",61,5,False,False
295,"t=22.97,h=36.25,p=1011.93",62,20,False,False
296,"t=22.97,h=36.25,p=1011.93",71,19,False,False
297,"t=22.97,h=36.25,p=1011.93",62,11,False,False
298,"t=22.97,h=36.25,p=1011.93",61,9,False,False
299,"t=22.97,h=36.23,p=1011.92",62,5,False,False
300,"t=22.97,h=36.23,p=1011.92",73,5,False,False
301,"t=22.97,h=36.23,p=1011.92",64,15,False,False
302,"t=22.97,h=36.23,p=1011.92",62,7,False,False
303,"t=22.97,h=36.23,p=1011.92",62,5,False,False
304,"t=22.97,h=36.23,p=1011.92",61,5,False,False
305,"t=22.97,h=36.23,p=1011.92",62,5,False,False
306,"t=22.97,h=36.23,p=1011.92",80,49,False,False
307,"t=22.97,h=36.23,p=1011.92",63,9,False,False
308,"t=22.97,h=36.23,p=1011.92",61,5,False,False
309,"t=22.97,h=36.26,p=1011.94",62,28,False,False
310,"t=22.97,h=36.26,p=1011.94",61,19,False,False
311,"t=22.97,h=36.26,p=1011.94",62,8,False,False
312,"t=22.97,h=36.26,p=1011.94",61,6,False,False
313,"t=22.97,h=36.26,p=1011.94",62,6,False,False
314,"t=22.97,h=36.26,p=1011.94",61,6,False,False
315,"t=22.97,h=36.26,p=1011.94",62,5,False,False
316,"t=22.97,h=36.26,p=1011.94",79,6,False,False
317,"t=22.97,h=36.26,p=1011.94",63,5,False,False
318,"t=22.97,h=36.21,p=1011.97",61,38,False,False
319,"t=22.97,h=36.21,p=1011.97",71,16,False,False
320,"t=22.97,h=36.21,p=1011.97",62,23,False,False
321,"t=22.97,h=36.21,p=1011.97",61,5,False,False
322,"t=22.97,h=36.21,p=1011.97",63,5,False,False
323,"t=22.97,h=36.21,p=1011.97",70,41,False,False
324,"t=22.97,h=36.21,p=1011.97",63,12,False,False
325,"t=22.97,h=36.21,p=1011.97",61,8,False,False
326,"t=22.97,h=36.21,p=1011.97",62,13,False,False
327,"t=22.97,h=36.21,p=1011.97",61,5,False,False
328,"t=22.97,h=36.23,p=1011.91",62,5,False,False
329,"t=22.97,h=36.23,p=1011.91",66,5,False,False
330,"t=22.97,h=36.23,p=1011.91",62,5,False,False
331,"t=22.97,h=36.23,p=1011.91",61,5,False,False
332,"t=22.97,h=36.23,p=1011.91",63,5,False,False
333,"t=22.97,h=36.23,p=1011.91",61,5,False,False
334,"t=22.97,h=36.23,p=1011.91",62,6,False,False
335,"t=22.97,h=36.23,p=1011.91",61,25,False,False
336,"t=22.97,h=36.23,p=1011.91",69,20,False,False
337,"t=22.97,h=36.23,p=1011.91",63,16,False,False
338,"t=22.97,h=36.26,p=1011.93",61,19,False,False
339,"t=22.97,h=36.26,p=1011.93",63,15,False,False
340,"t=22.97,h=36.26,p=1011.93",61,12,False,False
341,"t=22.97,h=36.26,p=1011.93",62,20,False,False
342,"t=22.97,h=36.26,p=1011.93",62,9,False,False
343,"t=22.97,h=36.26,p=1011.93",63,5,False,False
344,"t=22.97,h=36.26,p=1011.93",61,10,False,False
345,"t=22.97,h=36.26,p=1011.93",63,15,False,False
346,"t=22.97,h=36.26,p=1011.93",61,8,False,False
347,"t=22.97,h=36.20,p=1011.93",62,4,False,False
348,"t=22.97,h=36.20,p=1011.93",61,4,False,False
349,"t=22.97,h=36.20,p=1011.93",62,9,False,False
350,"t=22.97,h=36.20,p=1011.93",61,28,False,False
351,"t=22.97,h=36.20,p=1011.93",64,14,False,False
352,"t=22.97,h=36.20,p=1011.93",61,16,False,False
353,"t=22.97,h=36.20,p=1011.93",62,20,False,False
354,"t=22.97,h=36.20,p=1011.93",62,16,False,False
355,"t=22.97,h=36.20,p=1011.93",63,6,False,False
356,"t=22.97,h=36.20,p=1011.93",61,6,False,False
357,"t=22.97,h=36.26,p=1011.89",62,5,False,False
358,"t=22.97,h=36.26,p=1011.89",61,5,False,False
359,"t=22.97,h=36.26,p=1011.89",62,5,False,False
360,"t=22.97,h=36.26,p=1011.89",61,5,False,False
361,"t=22.97,h=36.26,p=1011.89",62,6,False,False
362,"t=22.97,h=36.26,p=1011.89",61,5,False,False
363,"t=22.97,h=36.26,p=1011.89",62,5,False,False
364,"t=22.97,h=36.26,p=1011.89",61,6,False,False
365,"t=22.97,h=36.26,p=1011.89",63,5,False,False
366,"t=22.97,h=36.26,p=1011.89",61,28,False,False
367,"t=22.97,h=36.25,p=1011.92",69,17,False,False
368,"t=22.97,h=36.25,p=1011.92",63,17,False,False
369,"t=22.97,h=36.25,p=1011.92",61,21,False,False
370,"t=22.97,h=36.25,p=1011.92",63,18,False,False
371,"t=22.97,h=36.25,p=1011.92",61,15,False,False
372,"t=22.97,h=36.25,p=1011.92",62,38,False,False
373,"t=22.97,h=36.25,p=1011.92",62,7,False,False
374,"t=22.97,h=36.25,p=1011.92",62,7,False,False
375,"t=22.97,h=36.25,p=1011.92",61,5,False,False
376,"t=22.97,h=36.25,p=1011.92",62,6,False,False
377,"t=22.97,h=36.23,p=1011.94",61,5,False,False
378,"t=22.97,h=36.23,p=1011.94",62,5,False,False
379,"t=22.97,h=36.23,p=1011.94",81,8,False,False
380,"t=22.97,h=36.23,p=1011.94",62,5,False,False
381,"t=22.97,h=36.23,p=1011.94",61,6,False,False
382,"t=22.97,h=36.23,p=1011.94",63,5,False,False
383,"t=22.97,h=36.23,p=1011.94",61,5,False,False
384,"t=22.97,h=36.23,p=1011.94",71,27,False,False
385,"t=22.97,h=36.23,p=1011.94",63,17,False,False
386,"t=22.97,h=36.25,p=1011.92",62,18,False,False
387,"t=22.97,h=36.25,p=1011.92",61,16,False,False
388,"t=22.97,h=36.25,p=1011.92",62,17,False,False
389,"t=22.97,h=36.25,p=1011.92",61,17,False,False
390,"t=22.97,h=36.25,p=1011.92",62,5,False,False
391,"t=22.97,h=36.25,p=1011.92",61,6,False,False
392,"t=22.97,h=36.25,p=1011.92",62,6,False,False
393,"t=22.97,h=36.25,p=1011.92",61,5,False,False
394,"t=22.97,h=36.25,p=1011.92",62,6,False,False
395,"t=22.97,h=36.25,p=1011.92",61,13,False,False
396,"t=22.98,h=36.23,p=1011.93",62,22,False,False
397,"t=22.98,h=36.23,p=1011.93",71,12,False,False
398,"t=22.98,h=36.23,p=1011.93",63,8,False,False
399,"t=22.98,h=36.23,p=1011.93",61,7,False,False
400,"t=22.98,h=36.23,p=1011.93",62,9,False,False
401,"t=22.98,h=36.23,p=1011.93",86,46,False,False
402,"t=22.98,h=36.23,p=1011.93",64,19,False,False
403,"t=22.98,h=36.23,p=1011.93",61,5,False,False
404,"t=22.98,h=36.23,p=1011.93",62,5,False,False
405,"t=22.98,h=36.23,p=1011.93",61,5,False,False
406,"t=22.97,h=36.22,p=1011.90",62,29,False,False
407,"t=22.97,h=36.22,p=1011.90",62,5,False,False
408,"t=22.97,h=36.22,p=1011.90",62,5,False,False
409,"t=22.97,h=36.22,p=1011.90",61,5,False,False
410,"t=22.97,h=36.22,p=1011.90",62,8,False,False
411,"t=22.97,h=36.22,p=1011.90",61,42,False,False
412,"t=22.97,h=36.22,p=1011.90",63,21,False,False
413,"t=22.97,h=36.22,p=1011.90",61,15,False,False
414,"t=22.97,h=36.22,p=1011.90",62,8,False,False
415,"t=22.97,h=36.25,p=1011.95",61,7,False,False
416,"t=22.97,h=36.25,p=1011.95",62,6,False,False
417,"t=22.97,h=36.25,p=1011.95",61,5,False,False
418,"t=22.97,h=36.25,p=1011.95",62,5,False,False
419,"t=22.97,h=36.25,p=1011.95",61,6,False,False
420,"t=22.97,h=36.25,p=1011.95",88,5,False,False
421,"t=22.97,h=36.25,p=1011.95",84,41,False,False
422,"t=22.97,h=36.25,p=1011.95",63,24,False,False
423,"t=22.97,h=36.25,p=1011.95",61,7,False,False
424,"t=22.97,h=36.25,p=1011.95",63,5,False,False
425,"t=22.98,h=36.21,p=1011.93",61,5,False,False
426,"t=22.98,h=36.21,p=1011.93",62,6,False,False
427,"t=22.98,h=36.21,p=1011.93",61,5,False,False
428,"t=22.98,h=36.21,p=1011.93",63,5,False,False
429,"t=22.98,h=36.21,p=1011.93",61,5,False,False
430,"t=22.98,h=36.21,p=1011.93",62,6,False,False
431,"t=22.98,h=36.21,p=1011.93",61,5,False,False
432,"t=22.98,h=36.21,p=1011.93",62,21,False,False
433,"t=22.98,h=36.21,p=1011.93",62,11,False,False
434,"t=22.98,h=36.21,p=1011.93",62,12,False,False
435,"t=22.98,h=36.22,p=1011.94",61,11,False,False
436,"t=22.98,h=36.22,p=1011.94",62,12,False,False
437,"t=22.98,h=36.22,p=1011.94",61,16,False,False
438,"t=22.98,h=36.22,p=1011.94",63,5,False,False
439,"t=22.98,h=36.22,p=1011.94",61,5,False,False
440,"t=22.98,h=36.22,p=1011.94",62,5,False,False
441,"t=22.98,h=36.22,p=1011.94",61,6,False,False
442,"t=22.98,h=36.22,p=1011.94",62,15,False,False
443,"t=22.98,h=36.22,p=1011.94",63,5,False,False
444,"t=22.98,h=36.22,p=1011.94",62,5,False,False
445,"t=22.97,h=36.21,p=1011.95",61,6,False,False
446,"t=22.97,h=36.21,p=1011.95",62,5,False,False
447,"t=22.97,h=36.21,p=1011.95",61,27,False,False
448,"t=22.97,h=36.21,p=1011.95",63,6,False,False
449,"t=22.97,h=36.21,p=1011.95",61,5,False,False
450,"t=22.97,h=36.21,p=1011.95",62,5,False,False
451,"t=22.97,h=36.21,p=1011.95",61,6,False,False
452,"t=22.97,h=36.21,p=1011.95",62,5,False,False
453,"t=22.97,h=36.21,p=1011.95",61,6,False,False
454,"t=22.98,h=36.22,p=1011.94",63,5,False,False
455,"t=22.98,h=36.22,p=1011.94",61,5,False,False
456,"t=22.98,h=36.22,p=1011.94",62,5,False,False
457,"t=22.98,h=36.22,p=1011.94",61,5,False,False
458,"t=22.98,h=36.22,p=1011.94",62,5,False,False
459,"t=22.98,h=36.22,p=1011.94",61,15,False,False
460,"t=22.98,h=36.22,p=1011.94",70,5,False,False
461,"t=22.98,h=36.22,p=1011.94",62,17,False,False
462,"t=22.98,h=36.22,p=1011.94",61,17,False,False
463,"t=22.98,h=36.22,p=1011.94",62,5,False,False
464,"t=22.98,h=36.21,p=1011.92",61,5,False,False
465,"t=22.98,h=36.21,p=1011.92",62,27,False,False
466,"t=22.98,h=36.21,p=1011.92",62,18,False,False
467,"t=22.98,h=36.21,p=1011.92",62,17,False,False
468,"t=22.98,h=36.21,p=1011.92",61,12,False,False
469,"t=22.98,h=36.21,p=1011.92",63,11,False,False
470,"t=22.98,h=36.21,p=1011.92",61,27,False,False
471,"t=22.98,h=36.21,p=1011.92",64,6,False,False
472,"t=22.98,h=36.21,p=1011.92",61,7,False,False
473,"t=22.98,h=36.21,p=1011.92",62,5,False,False
474,"t=22.96,h=36.22,p=1011.90",61,5,False,False
475,"t=22.96,h=36.22,p=1011.90",62,38,False,False
476,"t=22.96,h=36.22,p=1011.90",62,8,False,False
477,"t=22.96,h=36.22,p=1011.90",62,5,False,False
478,"t=22.96,h=36.22,p=1011.90",61,5,False,False
479,"t=22.96,h=36.22,p=1011.90",62,5,False,False
480,"t=22.96,h=36.22,p=1011.90",62,15,False,False
481,"t=22.96,h=36.22,p=1011.90",62,5,False,False
482,"t=22.96,h=36.22,p=1011.90",61,6,False,False
483,"t=22.97,h=36.25,p=1011.95",62,9,False,False
484,"t=22.97,h=36.25,p=1011.95",61,6,False,False
485,"t=22.97,h=36.25,p=1011.95",62,5,False,False
486,"t=22.97,h=36.25,p=1011.95",61,6,False,False
487,"t=22.97,h=36.25,p=1011.95",62,21,False,False
488,"t=22.97,h=36.25,p=1011.95",69,12,False,False
489,"t=22.97,h=36.25,p=1011.95",62,17,False,False
490,"t=22.97,h=36.25,p=1011.95",61,12,False,False
491,"t=22.97,h=36.25,p=1011.95",62,13,False,False
492,"t=22.97,h=36.25,p=1011.95",61,12,False,False
493,"t=22.98,h=36.23,p=1011.95",62,27,False,False
494,"t=22.98,h=36.23,p=1011.95",62,11,False,False
495,"t=22.98,h=36.23,p=1011.95",63,7,False,False
496,"t=22.98,h=36.23,p=1011.95",61,8,False,False
497,"t=22.98,h=36.23,p=1011.95",62,7,False,False
498,"t=22.98,h=36.23,p=1011.95",61,7,False,False
499,"t=22.98,h=36.23,p=1011.95",62,7,False,False
500,"t=22.98,h=36.23,p=1011.95",61,11,False,False
501,"t=22.98,h=36.23,p=1011.95",63,10,False,False
502,"t=22.98,h=36.23,p=1011.95",61,7,False,False
503,"t=22.98,h=36.22,p=1011.94",62,22,False,False
504,"t=22.98,h=36.22,p=1011.94",63,12,False,False
505,"t=22.98,h=36.22,p=1011.94",63,8,False,False
506,"t=22.98,h=36.22,p=1011.94",61,4,False,False
507,"t=22.98,h=36.22,p=1011.94",62,5,False,False
508,"t=22.98,h=36.22,p=1011.94",75,5,False,False
509,"t=22.98,h=36.22,p=1011.94",62,5,False,False
510,"t=22.98,h=36.22,p=1011.94",61,5,False,False
511,"t=22.98,h=36.22,p=1011.94",62,6,False,False
512,"t=22.98,h=36.22,p=1011.94",61,5,False,False
513,"t=22.98,h=36.23,p=1011.92",62,3,False,False
514,"t=22.98,h=36.23,p=1011.92",61,28,False,False
515,"t=22.98,h=36.23,p=1011.92",64,17,False,False
516,"t=22.98,h=36.23,p=1011.92",61,12,False,False
517,"t=22.98,h=36.23,p=1011.92",62,9,False,False
518,"t=22.98,h=36.23,p=1011.92",61,12,False,False
519,"t=22.98,h=36.23,p=1011.92",62,41,False,False
520,"t=22.98,h=36.23,p=1011.92",62,6,False,False
521,"t=22.98,h=36.23,p=1011.92",62,5,False,False
522,"t=22.98,h=36.20,p=1011.91",62,5,False,False
523,"t=22.98,h=36.20,p=1011.91",62,5,False,False
524,"t=22.98,h=36.20,p=1011.91",61,6,False,False
525,"t=22.98,h=36.20,p=1011.91",62,5,False,False
526,"t=22.98,h=36.20,p=1011.91",61,5,False,False
527,"t=22.98,h=36.20,p=1011.91",62,5,False,False
528,"t=22.98,h=36.20,p=1011.91",62,5,False,False
529,"t=22.98,h=36.20,p=1011.91",62,5,False,False
530,"t=22.98,h=36.20,p=1011.91",62,5,False,False
531,"t=22.98,h=36.20,p=1011.91",65,27,False,False
532,"t=22.98,h=36.22,p=1011.94",70,17,False,False
533,"t=22.98,h=36.22,p=1011.94",62,17,False,False
534,"t=22.98,h=36.22,p=1011.94",61,12,False,False
535,"t=22.98,h=36.22,p=1011.94",62,7,False,False
536,"t=22.98,h=36.22,p=1011.94",61,12,False,False
537,"t=22.98,h=36.22,p=1011.94",74,27,False,False
538,"t=22.98,h=36.22,p=1011.94",62,17,False,False
539,"t=22.98,h=36.22,p=1011.94",62,6,False,False
540,"t=22.98,h=36.22,p=1011.94",61,5,False,False
541,"t=22.98,h=36.22,p=1011.94",63,5,False,False
542,"t=22.98,h=36.20,p=1011.94",61,5,False,False
543,"t=22.98,h=36.20,p=1011.94",62,5,False,False
544,"t=22.98,h=36.20,p=1011.94",61,16,False,False
545,"t=22.98,h=36.20,p=1011.94",63,5,False,False
546,"t=22.98,h=36.20,p=1011.94",61,5,False,False
547,"t=22.98,h=36.20,p=1011.94",62,5,False,False
548,"t=22.98,h=36.20,p=1011.94",61,5,False,False
549,"t=22.98,h=36.20,p=1011.94",62,43,False,False
550,"t=22.98,h=36.20,p=1011.94",62,17,False,False
551,"t=22.98,h=36.26,p=1011.92",62,5,False,False
552,"t=22.98,h=36.26,p=1011.92",61,5,False,False
553,"t=22.98,h=36.26,p=1011.92",62,5,False,False
554,"t=22.98,h=36.26,p=1011.92",65,5,False,False
555,"t=22.98,h=36.26,p=1011.92",62,5,False,False
556,"t=22.98,h=36.26,p=1011.92",61,5,False,False
557,"t=22.98,h=36.26,p=1011.92",63,5,False,False
558,"t=22.98,h=36.26,p=1011.92",61,5,False,False
559,"t=22.98,h=36.26,p=1011.92",62,6,False,False
560,"t=22.98,h=36.26,p=1011.92",61,5,False,False
561,"t=22.98,h=36.24,p=1011.96",62,37,False,False
562,"t=22.98,h=36.24,p=1011.96",69,17,False,False
563,"t=22.98,h=36.24,p=1011.96",63,5,False,False
564,"t=22.98,h=36.24,p=1011.96",61,6,False,False
565,"t=22.98,h=36.24,p=1011.96",63,5,False,False
566,"t=22.98,h=36.24,p=1011.96",61,5,False,False
567,"t=22.98,h=36.24,p=1011.96",62,5,False,False
568,"t=22.98,h=36.24,p=1011.96",61,5,False,False
569,"t=22.98,h=36.24,p=1011.96",63,6,False,False
570,"t=22.98,h=36.24,p=1011.96",61,5,False,False
571,"t=22.97,h=36.23,p=1011.89",62,7,False,False
572,"t=22.97,h=36.23,p=1011.89",88,5,False,False
573,"t=22.97,h=36.23,p=1011.89",63,15,False,False
574,"t=22.97,h=36.23,p=1011.89",70,9,False,False
575,"t=22.97,h=36.23,p=1011.89",62,6,False,False
576,"t=22.97,h=36.23,p=1011.89",61,6,False,False
577,"t=22.97,h=36.23,p=1011.89",62,5,False,False
578,"t=22.97,h=36.23,p=1011.89",61,5,False,False
579,"t=22.97,h=36.23,p=1011.89",63,6,False,False
580,"t=22.98,h=36.25,p=1011.93",61,29,False,False
581,"t=22.98,h=36.25,p=1011.93",64,16,False,False
582,"t=22.98,h=36.25,p=1011.93",61,5,False,False
583,"t=22.98,h=36.25,p=1011.93",63,5,False,False
584,"t=22.98,h=36.25,p=1011.93",61,6,False,False
585,"t=22.98,h=36.25,p=1011.93",62,40,False,False
586,"t=22.98,h=36.25,p=1011.93",63,5,False,False
587,"t=22.98,h=36.25,p=1011.93",62,5,False,False
588,"t=22.98,h=36.25,p=1011.93",61,5,False,False
589,"t=22.98,h=36.25,p=1011.93",63,5,False,False
590,"t=22.98,h=36.20,p=1011.90",61,27,False,False
591,"t=22.98,h=36.20,p=1011.90",64,17,False,False
592,"t=22.98,h=36.20,p=1011.90",61,19,False,False
593,"t=22.98,h=36.20,p=1011.90",62,11,False,False
594,"t=22.98,h=36.20,p=1011.90",61,12,False,False
595,"t=22.98,h=36.20,p=1011.90",62,15,False,False
596,"t=22.98,h=36.20,p=1011.90",62,6,False,False
597,"t=22.98,h=36.20,p=1011.90",62,12,False,False
598,"t=22.98,h=36.20,p=1011.90",61,5,False,False
599,"t=22.98,h=36.20,p=1011.90",62,6,False,False
600,"t=22.99,h=36.20,p=1011.92",61,38,False,False
601,"t=22.99,h=36.20,p=1011.92",65,7,False,False
602,"t=22.99,h=36.20,p=1011.92",61,5,False,False
603,"t=22.99,h=36.20,p=1011.92",63,5,False,False
604,"t=22.99,h=36.20,p=1011.92",61,5,False,False
605,"t=22.99,h=36.20,p=1011.92",63,5,False,False
606,"t=22.99,h=36.20,p=1011.92",61,5,False,False
607,"t=22.99,h=36.20,p=1011.92",63,13,False,False
608,"t=22.99,h=36.20,p=1011.92",61,5,False,False
609,"t=22.99,h=36.20,p=1011.92",62,5,False,False
610,"t=22.99,h=36.25,p=1011.92",62,5,False,False
611,"t=22.99,h=36.25,p=1011.92",62,5,False,False
612,"t=22.99,h=36.25,p=1011.92",61,27,False,False
613,"t=22.99,h=36.25,p=1011.92",71,5,False,False
614,"t=22.99,h=36.25,p=1011.92",62,6,False,False
615,"t=22.99,h=36.25,p=1011.92",61,5,False,False
616,"t=22.99,h=36.25,p=1011.92",62,5,False,False
617,"t=22.99,h=36.25,p=1011.92",61,26,False,False
618,"t=22.99,h=36.25,p=1011.92",64,5,False,False
619,"t=22.98,h=36.22,p=1011.90",61,6,False,False
620,"t=22.98,h=36.22,p=1011.90",62,5,False,False
621,"t=22.98,h=36.22,p=1011.90",61,5,False,False
622,"t=22.98,h=36.22,p=1011.90",62,22,False,False
623,"t=22.98,h=36.22,p=1011.90",62,8,False,False
624,"t=22.98,h=36.22,p=1011.90",62,7,False,False
625,"t=22.98,h=36.22,p=1011.90",61,5,False,False
626,"t=22.98,h=36.22,p=1011.90",62,5,False,False
627,"t=22.98,h=36.22,p=1011.90",61,15,False,False
628,"t=22.98,h=36.22,p=1011.90",64,3,False,False
629,"t=22.98,h=36.19,p=1011.89",61,4,False,False
630,"t=22.98,h=36.19,p=1011.89",63,3,False,False
631,"t=22.98,h=36.19,p=1011.89",62,3,False,False
632,"t=22.98,h=36.19,p=1011.89",63,19,False,False
633,"t=22.98,h=36.19,p=1011.89",62,5,False,False
634,"t=22.98,h=36.19,p=1011.89",63,3,False,False
635,"t=22.98,h=36.19,p=1011.89",83,5,False,False
636,"t=22.98,h=36.19,p=1011.89",86,21,False,False
637,"t=22.98,h=36.19,p=1011.89",62,13,False,False
638,"t=22.98,h=36.19,p=1011.89",62,8,False,False
639,"t=22.98,h=36.21,p=1011.90",61,11,False,False
640,"t=22.98,h=36.21,p=1011.90",62,11,False,False
641,"t=22.98,h=36.21,p=1011.90",61,5,False,False
642,"t=22.98,h=36.21,p=1011.90",62,44,False,False
643,"t=22.98,h=36.21,p=1011.90",62,17,False,False
644,"t=22.98,h=36.21,p=1011.90",62,5,False,False
645,"t=22.98,h=36.21,p=1011.90",61,5,False,False
646,"t=22.98,h=36.21,p=1011.90",62,5,False,False
647,"t=22.98,h=36.21,p=1011.90",61,6,False,False
648,"t=22.98,h=36.22,p=1011.89",63,5,False,False
649,"t=22.98,h=36.22,p=1011.89",61,5,False,False
650,"t=22.98,h=36.22,p=1011.89",62,5,False,False
651,"t=22.98,h=36.22,p=1011.89",61,5,False,False
652,"t=22.98,h=36.22,p=1011.89",63,6,False,False
653,"t=22.98,h=36.22,p=1011.89",61,5,False,False
654,"t=22.98,h=36.22,p=1011.89",62,16,False,False
655,"t=22.98,h=36.22,p=1011.89",69,6,False,False
656,"t=22.98,h=36.22,p=1011.89",62,5,False,False
657,"t=22.98,h=36.22,p=1011.89",61,6,False,False
658,"t=22.98,h=36.24,p=1011.93",62,5,False,False
659,"t=22.98,h=36.24,p=1011.93",61,5,False,False
660,"t=22.98,h=36.24,p=1011.93",62,39,False,False
661,"t=22.98,h=36.24,p=1011.93",62,33,False,False
662,"t=22.98,h=36.24,p=1011.93",62,22,False,False
663,"t=22.98,h=36.24,p=1011.93",61,6,False,False
664,"t=22.98,h=36.24,p=1011.93",62,5,False,False
665,"t=22.98,h=36.24,p=1011.93",61,5,False,False
666,"t=22.98,h=36.24,p=1011.93",62,5,False,False
667,"t=22.98,h=36.24,p=1011.93",61,6,False,False
668,"t=22.99,h=36.24,p=1011.92",62,5,False,False
669,"t=22.99,h=36.24,p=1011.92",61,5,False,False
670,"t=22.99,h=36.24,p=1011.92",62,5,False,False
671,"t=22.99,h=36.24,p=1011.92",61,5,False,False
672,"t=22.99,h=36.24,p=1011.92",63,39,False,False
673,"t=22.99,h=36.24,p=1011.92",69,17,False,False
674,"t=22.99,h=36.24,p=1011.92",62,12,False,False
675,"t=22.99,h=36.24,p=1011.92",61,12,False,False
676,"t=22.99,h=36.24,p=1011.92",84,12,False,False
677,"t=22.99,h=36.24,p=1011.92",61,13,False,False
678,"t=22.98,h=36.24,p=1011.91",63,40,False,False
679,"t=22.98,h=36.24,p=1011.91",62,18,False,False
680,"t=22.98,h=36.24,p=1011.91",62,3,False,False
681,"t=22.98,h=36.24,p=1011.91",61,5,False,False
682,"t=22.98,h=36.24,p=1011.91",62,5,False,False
683,"t=22.98,h=36.24,p=1011.91",61,5,False,False
684,"t=22.98,h=36.24,p=1011.91",62,5,False,False
685,"t=22.98,h=36.24,p=1011.91",61,5,False,False
686,"t=22.98,h=36.24,p=1011.91",62,5,False,False
687,"t=22.97,h=36.21,p=1011.94",61,6,False,False
688,"t=22.97,h=36.21,p=1011.94",62,5,False,False
689,"t=22.97,h=36.21,p=1011.94",62,5,False,False
690,"t=22.97,h=36.21,p=1011.94",62,39,False,False
691,"t=22.97,h=36.21,p=1011.94",69,17,False,False
692,"t=22.97,h=36.21,p=1011.94",62,5,False,False
693,"t=22.97,h=36.21,p=1011.94",61,5,False,False
694,"t=22.97,h=36.21,p=1011.94",62,5,False,False
695,"t=22.97,h=36.21,p=1011.94",61,5,False,False
696,"t=22.97,h=36.21,p=1011.94",62,5,False,False
697,"t=22.99,h=36.22,p=1011.93",61,5,False,False
698,"t=22.99,h=36.22,p=1011.93",62,5,False,False
699,"t=22.99,h=36.22,p=1011.93",61,5,False,False
700,"t=22.99,h=36.22,p=1011.93",62,5,False,False
701,"t=22.99,h=36.22,p=1011.93",63,6,False,False
702,"t=22.99,h=36.22,p=1011.93",62,39,False,False
703,"t=22.99,h=36.22,p=1011.93",72,17,False,False
704,"t=22.99,h=36.22,p=1011.93",62,11,False,False
705,"t=22.99,h=36.22,p=1011.93",61,12,False,False
706,"t=22.99,h=36.22,p=1011.93",63,11,False,False
707,"t=22.98,h=36.24,p=1011.89",61,6,False,False
708,"t=22.98,h=36.24,p=1011.89",62,28,False,False
709,"t=22.98,h=36.24,p=1011.89",62,17,False,False
710,"t=22.98,h=36.24,p=1011.89",62,11,False,False
711,"t=22.98,h=36.24,p=1011.89",61,17,False,False
712,"t=22.98,h=36.24,p=1011.89",62,6,False,False
713,"t=22.98,h=36.24,p=1011.89",61,5,False,False
714,"t=22.98,h=36.24,p=1011.89",62,4,False,False
715,"t=22.98,h=36.24,p=1011.89",61,5,False,False
716,"t=22.98,h=36.22,p=1011.89",62,5,False,False
717,"t=22.98,h=36.22,p=1011.89",81,6,False,False
718,"t=22.98,h=36.22,p=1011.89",87,15,False,False
719,"t=22.98,h=36.22,p=1011.89",62,5,False,False
720,"t=22.98,h=36.22,p=1011.89",62,6,False,False
721,"t=22.98,h=36.22,p=1011.89",61,5,False,False
722,"t=22.98,h=36.22,p=1011.89",62,6,False,False
723,"t=22.98,h=36.22,p=1011.89",61,21,False,False
724,"t=22.98,h=36.22,p=1011.89",63,12,False,False
725,"t=22.98,h=36.22,p=1011.89",62,7,False,False
726,"t=22.98,h=36.20,p=1011.92",62,11,False,False
727,"t=22.98,h=36.20,p=1011.92",61,9,False,False
728,"t=22.98,h=36.20,p=1011.92",62,11,False,False
729,"t=22.98,h=36.20,p=1011.92",61,29,False,False
730,"t=22.98,h=36.20,p=1011.92",63,17,False,False
731,"t=22.98,h=36.20,p=1011.92",61,11,False,False
732,"t=22.98,h=36.20,p=1011.92",63,14,False,False
733,"t=22.98,h=36.20,p=1011.92",61,49,False,False
734,"t=22.98,h=36.20,p=1011.92",63,12,False,False
735,"t=22.98,h=36.20,p=1011.92",61,9,False,False
736,"t=22.99,h=36.21,p=1011.91",62,8,False,False
737,"t=22.99,h=36.21,p=1011.91",61,6,False,False
738,"t=22.99,h=36.21,p=1011.91",62,6,False,False
739,"t=22.99,h=36.21,p=1011.91",61,5,False,False
740,"t=22.99,h=36.21,p=1011.91",62,5,False,False
741,"t=22.99,h=36.21,p=1011.91",61,5,False,False
742,"t=22.99,h=36.21,p=1011.91",63,5,False,False
743,"t=22.99,h=36.21,p=1011.91",61,5,False,False
744,"t=22.99,h=36.21,p=1011.91",62,5,False,False
745,"t=22.98,h=36.24,p=1011.91",61,38,False,False
746,"t=22.98,h=36.24,p=1011.91",70,17,False,False
747,"t=22.98,h=36.24,p=1011.91",62,4,False,False
748,"t=22.98,h=36.24,p=1011.91",61,6,False,False
749,"t=22.98,h=36.24,p=1011.91",62,5,False,False
750,"t=22.98,h=36.24,p=1011.91",61,5,False,False
751,"t=22.98,h=36.24,p=1011.91",70,5,False,False
752,"t=22.98,h=36.24,p=1011.91",61,5,False,False
753,"t=22.98,h=36.24,p=1011.91",62,5,False,False
754,"t=22.98,h=36.24,p=1011.91",61,5,False,False
755,"t=22.99,h=36.22,p=1011.93",62,5,False,False
756,"t=22.99,h=36.22,p=1011.93",61,18,False,False
757,"t=22.99,h=36.22,p=1011.93",63,28,False,False
758,"t=22.99,h=36.22,p=1011.93",71,12,False,False
759,"t=22.99,h=36.22,p=1011.93",63,11,False,False
760,"t=22.99,h=36.22,p=1011.93",61,10,False,False
761,"t=22.99,h=36.22,p=1011.93",62,6,False,False
762,"t=22.99,h=36.22,p=1011.93",61,5,False,False
763,"t=22.99,h=36.22,p=1011.93",62,6,False,False
764,"t=22.99,h=36.22,p=1011.93",61,29,False,False
765,"t=22.99,h=36.24,p=1011.92",63,12,False,False
766,"t=22.99,h=36.24,p=1011.92",61,12,False,False
767,"t=22.99,h=36.24,p=1011.92",62,5,False,False
768,"t=22.99,h=36.24,p=1011.92",61,6,False,False
769,"t=22.99,h=36.24,p=1011.92",62,5,False,False
770,"t=22.99,h=36.24,p=1011.92",61,5,False,False
771,"t=22.99,h=36.24,p=1011.92",62,5,False,False
772,"t=22.99,h=36.24,p=1011.92",61,5,False,False
773,"t=22.99,h=36.24,p=1011.92",63,5,False,False
774,"t=22.99,h=36.24,p=1011.92",61,5,False,False
775,"t=22.99,h=36.21,p=1011.91",62,5,False,False
776,"t=22.99,h=36.21,p=1011.91",61,38,False,False
777,"t=22.99,h=36.21,p=1011.91",69,20,False,False
778,"t=22.99,h=36.21,p=1011.91",62,7,False,False
779,"t=22.99,h=36.21,p=1011.91",61,5,False,False
780,"t=22.99,h=36.21,p=1011.91",62,5,False,False
781,"t=22.99,h=36.21,p=1011.91",61,5,False,False
782,"t=22.99,h=36.21,p=1011.91",62,5,False,False
783,"t=22.99,h=36.21,p=1011.91",61,30,False,False
784,"t=22.99,h=36.25,p=1011.92",63,17,False,False
785,"t=22.99,h=36.25,p=1011.92",61,11,False,False
786,"t=22.99,h=36.25,p=1011.92",62,10,False,False
787,"t=22.99,h=36.25,p=1011.92",61,11,False,False
788,"t=22.99,h=36.25,p=1011.92",63,12,False,False
789,"t=22.99,h=36.25,p=1011.92",61,11,False,False
790,"t=22.99,h=36.25,p=1011.92",62,11,False,False
791,"t=22.99,h=36.25,p=1011.92",61,5,False,False
792,"t=22.99,h=36.25,p=1011.92",62,5,False,False
793,"t=22.99,h=36.25,p=1011.92",61,5,False,False
794,"t=22.99,h=36.19,p=1011.90",62,5,False,False
795,"t=22.99,h=36.19,p=1011.90",61,36,False,False
796,"t=22.99,h=36.19,p=1011.90",69,17,False,False
797,"t=22.99,h=36.19,p=1011.90",62,5,False,False
798,"t=22.99,h=36.19,p=1011.90",61,13,False,False
799,"t=22.99,h=36.19,p=1011.90",63,11,False,False
800,"t=22.99,h=36.19,p=1011.90",61,11,False,False
801,"t=22.99,h=36.19,p=1011.90",63,15,False,False
802,"t=22.99,h=36.19,p=1011.90",62,6,False,False
803,"t=22.99,h=36.19,p=1011.90",62,12,False,False
804,"t=22.99,h=36.20,p=1011.92",61,10,False,False
805,"t=22.99,h=36.20,p=1011.92",62,5,False,False
806,"t=22.99,h=36.20,p=1011.92",61,38,False,False
807,"t=22.99,h=36.20,p=1011.92",63,7,False,False
808,"t=22.99,h=36.20,p=1011.92",61,40,False,False
809,"t=22.99,h=36.20,p=1011.92",63,22,False,False
810,"t=22.99,h=36.20,p=1011.92",61,6,False,False
811,"t=22.99,h=36.20,p=1011.92",62,5,False,False
812,"t=22.99,h=36.20,p=1011.92",61,5,False,False
813,"t=22.98,h=36.27,p=1011.91",62,6,False,False
814,"t=22.98,h=36.27,p=1011.91",61,5,False,False
815,"t=22.98,h=36.27,p=1011.91",62,5,False,False
816,"t=22.98,h=36.27,p=1011.91",61,5,False,False
817,"t=22.98,h=36.27,p=1011.91",62,5,False,False
818,"t=22.98,h=36.27,p=1011.91",61,31,False,False
819,"t=22.98,h=36.27,p=1011.91",70,17,False,False
820,"t=22.98,h=36.27,p=1011.91",63,3,False,False
821,"t=22.98,h=36.27,p=1011.91",61,5,False,False
822,"t=22.98,h=36.27,p=1011.91",62,5,False,False
823,"t=22.99,h=36.25,p=1011.90",61,5,False,False
824,"t=22.99,h=36.25,p=1011.90",63,5,False,False
825,"t=22.99,h=36.25,p=1011.90",61,5,False,False
826,"t=22.99,h=36.25,p=1011.90",68,5,False,False
827,"t=22.99,h=36.25,p=1011.90",61,5,False,False
828,"t=22.99,h=36.25,p=1011.90",92,6,False,False
829,"t=22.99,h=36.25,p=1011.90",61,5,False,False
830,"t=22.99,h=36.25,p=1011.90",62,27,False,False
831,"t=22.99,h=36.25,p=1011.90",71,17,False,False
832,"t=22.99,h=36.25,p=1011.90",62,11,False,False
833,"t=22.99,h=36.21,p=1011.90",61,11,False,False
834,"t=22.99,h=36.21,p=1011.90",62,5,False,False
835,"t=22.99,h=36.21,p=1011.90",61,5,False,False
836,"t=22.99,h=36.21,p=1011.90",62,5,False,False
837,"t=22.99,h=36.21,p=1011.90",61,25,False,False
838,"t=22.99,h=36.21,p=1011.90",63,6,False,False
839,"t=22.99,h=36.21,p=1011.90",61,5,False,False
840,"t=22.99,h=36.21,p=1011.90",62,5,False,False
841,"t=22.99,h=36.21,p=1011.90",61,5,False,False
842,"t=22.99,h=36.21,p=1011.90",62,25,False,False
843,"t=22.99,h=36.24,p=1011.92",63,17,False,False
844,"t=22.99,h=36.24,p=1011.92",62,11,False,False
845,"t=22.99,h=36.24,p=1011.92",61,11,False,False
846,"t=22.99,h=36.24,p=1011.92",62,38,False,False
847,"t=22.99,h=36.24,p=1011.92",62,7,False,False
848,"t=22.99,h=36.24,p=1011.92",63,5,False,False
849,"t=22.99,h=36.24,p=1011.92",61,5,False,False
850,"t=22.99,h=36.24,p=1011.92",63,5,False,False
851,"t=22.99,h=36.24,p=1011.92",83,8,False,False
852,"t=22.99,h=36.21,p=1011.94",62,6,False,False
853,"t=22.99,h=36.21,p=1011.94",61,5,False,False
854,"t=22.99,h=36.21,p=1011.94",62,5,False,False
855,"t=22.99,h=36.21,p=1011.94",61,5,False,False
856,"t=22.99,h=36.21,p=1011.94",62,5,False,False
857,"t=22.99,h=36.21,p=1011.94",61,6,False,False
858,"t=22.99,h=36.21,p=1011.94",62,15,False,False
859,"t=22.99,h=36.21,p=1011.94",70,17,False,False
860,"t=22.99,h=36.21,p=1011.94",62,15,False,False
861,"t=22.99,h=36.21,p=1011.94",61,11,False,False
862,"t=22.99,h=36.26,p=1011.92",62,8,False,False
863,"t=22.99,h=36.26,p=1011.92",61,12,False,False
864,"t=22.99,h=36.26,p=1011.92",62,12,False,False
865,"t=22.99,h=36.26,p=1011.92",61,39,False,False
866,"t=22.99,h=36.26,p=1011.92",63,7,False,False
867,"t=22.99,h=36.26,p=1011.92",61,6,False,False
868,"t=22.99,h=36.26,p=1011.92",62,5,False,False
869,"t=22.99,h=36.26,p=1011.92",61,5,False,False
870,"t=22.99,h=36.26,p=1011.92",62,4,False,False
871,"t=22.99,h=36.26,p=1011.92",61,5,False,False
872,"t=22.98,h=36.24,p=1011.93",63,30,False,False
873,"t=22.98,h=36.24,p=1011.93",62,17,False,False
874,"t=22.98,h=36.24,p=1011.93",62,17,False,False
875,"t=22.98,h=36.24,p=1011.93",61,5,False,False
876,"t=22.98,h=36.24,p=1011.93",62,5,False,False
877,"t=22.98,h=36.24,p=1011.93",61,6,False,False
878,"t=22.98,h=36.24,p=1011.93",62,7,False,False
879,"t=22.98,h=36.24,p=1011.93",61,5,False,False
880,"t=22.98,h=36.24,p=1011.93",62,5,False,False
881,"t=22.98,h=36.22,p=1011.87",61,5,False,False
882,"t=22.98,h=36.22,p=1011.87",62,42,False,False
883,"t=22.98,h=36.22,p=1011.87",62,13,False,False
884,"t=22.98,h=36.22,p=1011.87",63,5,False,False
885,"t=22.98,h=36.22,p=1011.87",61,5,False,False
886,"t=22.98,h=36.22,p=1011.87",62,5,False,False
887,"t=22.98,h=36.22,p=1011.87",61,5,False,False
888,"t=22.98,h=36.22,p=1011.87",63,5,False,False
889,"t=22.98,h=36.22,p=1011.87",61,5,False,False
890,"t=22.98,h=36.22,p=1011.87",63,5,False,False
891,"t=22.99,h=36.22,p=1011.90",61,5,False,False
892,"t=22.99,h=36.22,p=1011.90",63,5,False,False
893,"t=22.99,h=36.22,p=1011.90",61,5,False,False
894,"t=22.99,h=36.22,p=1011.90",62,28,False,False
895,"t=22.99,h=36.22,p=1011.90",70,12,False,False
896,"t=22.99,h=36.22,p=1011.90",62,5,False,False
897,"t=22.99,h=36.22,p=1011.90",61,6,False,False
898,"t=22.99,h=36.22,p=1011.90",62,8,False,False
899,"t=22.99,h=36.22,p=1011.90",61,5,False,False
900,"t=22.99,h=36.22,p=1011.90",62,15,False,False
901,"t=23.00,h=36.22,p=1011.94",63,6,False,False
902,"t=23.00,h=36.22,p=1011.94",63,6,False,False
903,"t=23.00,h=36.22,p=1011.94",61,11,False,False
904,"t=23.00,h=36.22,p=1011.94",62,12,False,False
905,"t=23.00,h=36.22,p=1011.94",62,28,False,False
906,"t=23.00,h=36.22,p=1011.94",64,17,False,False
907,"t=23.00,h=36.22,p=1011.94",61,6,False,False
908,"t=23.00,h=36.22,p=1011.94",62,5,False,False
909,"t=23.00,h=36.22,p=1011.94",62,5,False,False
910,"t=23.00,h=36.22,p=1011.94",62,5,False,False
911,"t=22.99,h=36.24,p=1011.94",61,5,False,False
912,"t=22.99,h=36.24,p=1011.94",62,5,False,False
913,"t=22.99,h=36.24,p=1011.94",61,5,False,False
914,"t=22.99,h=36.24,p=1011.94",63,4,False,False
915,"t=22.99,h=36.24,p=1011.94",61,5,False,False
916,"t=22.99,h=36.24,p=1011.94",62,5,False,False
917,"t=22.99,h=36.24,p=1011.94",61,29,False,False
918,"t=22.99,h=36.24,p=1011.94",70,5,False,False
919,"t=22.99,h=36.24,p=1011.94",63,5,False,False
920,"t=22.99,h=36.22,p=1011.93",61,5,False,False
921,"t=22.99,h=36.22,p=1011.93",63,5,False,False
922,"t=22.99,h=36.22,p=1011.93",61,5,False,False
923,"t=22.99,h=36.22,p=1011.93",62,5,False,False
924,"t=22.99,h=36.22,p=1011.93",61,5,False,False
925,"t=22.99,h=36.22,p=1011.93",62,5,False,False
926,"t=22.99,h=36.22,p=1011.93",61,5,False,False
927,"t=22.99,h=36.22,p=1011.93",63,6,False,False
928,"t=22.99,h=36.22,p=1011.93",61,5,False,False
929,"t=22.99,h=36.22,p=1011.93",62,15,False,False
930,"t=22.99,h=36.22,p=1011.94",70,5,False,False
931,"t=22.99,h=36.22,p=1011.94",62,5,False,False
932,"t=22.99,h=36.22,p=1011.94",84,6,False,False
933,"t=22.99,h=36.22,p=1011.94",62,5,False,False
934,"t=22.99,h=36.22,p=1011.94",61,5,False,False
935,"t=22.99,h=36.22,p=1011.94",62,37,False,False
936,"t=22.99,h=36.22,p=1011.94",62,12,False,False
937,"t=22.99,h=36.22,p=1011.94",62,13,False,False
938,"t=22.99,h=36.22,p=1011.94",61,12,False,False
939,"t=22.99,h=36.22,p=1011.94",63,11,False,False
940,"t=22.99,h=36.21,p=1011.92",61,5,False,False
941,"t=22.99,h=36.21,p=1011.92",62,5,False,False
942,"t=22.99,h=36.21,p=1011.92",61,5,False,False
943,"t=22.99,h=36.21,p=1011.92",63,5,False,False
944,"t=22.99,h=36.21,p=1011.92",84,32,False,False
945,"t=22.99,h=36.21,p=1011.92",63,5,False,False
946,"t=22.99,h=36.21,p=1011.92",62,5,False,False
947,"t=22.99,h=36.21,p=1011.92",62,5,False,False
948,"t=22.99,h=36.21,p=1011.92",61,5,False,False
949,"t=22.99,h=36.22,p=1011.95",62,6,False,False
950,"t=22.99,h=36.22,p=1011.95",65,5,False,False
951,"t=22.99,h=36.22,p=1011.95",62,6,False,False
952,"t=22.99,h=36.22,p=1011.95",61,5,False,False
953,"t=22.99,h=36.22,p=1011.95",63,7,False,False
954,"t=22.99,h=36.22,p=1011.95",61,7,False,False
955,"t=22.99,h=36.22,p=1011.95",62,5,False,False
956,"t=22.99,h=36.22,p=1011.95",62,35,False,False
957,"t=22.99,h=36.22,p=1011.95",69,6,False,False
958,"t=22.99,h=36.22,p=1011.95",62,5,False,False
959,"t=23.00,h=36.22,p=1011.95",62,6,False,False
960,"t=23.00,h=36.22,p=1011.95",62,5,False,False
961,"t=23.00,h=36.22,p=1011.95",61,5,False,False
962,"t=23.00,h=36.22,p=1011.95",62,5,False,False
963,"t=23.00,h=36.22,p=1011.95",61,6,False,False
964,"t=23.00,h=36.22,p=1011.95",62,5,False,False
965,"t=23.00,h=36.22,p=1011.95",61,5,False,False
966,"t=23.00,h=36.22,p=1011.95",62,5,False,False
967,"t=23.00,h=36.22,p=1011.95",61,5,False,False
968,"t=23.00,h=36.22,p=1011.95",63,39,False,False
969,"t=22.98,h=36.25,p=1011.91",70,14,False,False
970,"t=22.98,h=36.25,p=1011.91",62,8,False,False
971,"t=22.98,h=36.25,p=1011.91",61,12,False,False
972,"t=22.98,h=36.25,p=1011.91",62,12,False,False
973,"t=22.98,h=36.25,p=1011.91",62,5,False,False
974,"t=22.98,h=36.25,p=1011.91",63,5,False,False
975,"t=22.98,h=36.25,p=1011.91",61,5,False,False
976,"t=22.98,h=36.25,p=1011.91",63,5,False,False
977,"t=22.98,h=36.25,p=1011.91",61,5,False,False
978,"t=22.99,h=36.21,p=1011.95",62,5,False,False
979,"t=22.99,h=36.21,p=1011.95",61,7,False,False
980,"t=22.99,h=36.21,p=1011.95",63,15,False,False
981,"t=22.99,h=36.21,p=1011.95",69,5,False,False
982,"t=22.99,h=36.21,p=1011.95",63,5,False,False
983,"t=22.99,h=36.21,p=1011.95",61,5,False,False
984,"t=22.99,h=36.21,p=1011.95",62,5,False,False
985,"t=22.99,h=36.21,p=1011.95",84,38,False,False
986,"t=22.99,h=36.21,p=1011.95",64,6,False,False
987,"t=22.99,h=36.21,p=1011.95",61,7,False,False
988,"t=22.98,h=36.19,p=1011.89",62,5,False,False
989,"t=22.98,h=36.19,p=1011.89",61,6,False,False
990,"t=22.98,h=36.19,p=1011.89",62,5,False,False
991,"t=22.98,h=36.19,p=1011.89",61,34,False,False
992,"t=22.98,h=36.19,p=1011.89",64,17,False,False
993,"t=22.98,h=36.19,p=1011.89",61,18,False,False
994,"t=22.98,h=36.19,p=1011.89",62,6,False,False
995,"t=22.98,h=36.19,p=1011.89",61,5,False,False
996,"t=22.98,h=36.19,p=1011.89",62,30,False,False
997,"t=22.98,h=36.19,p=1011.89",62,8,False,False
998,"t=22.99,h=36.20,p=1011.93",62,6,False,False
999,"t=22.99,h=36.20,p=1011.93",61,10,False,False
1000,"t=22.99,h=36.20,p=1011.93",64,28,False,False
1001,"t=22.99,h=36.20,p=1011.93",63,7,False,False
1002,"t=22.99,h=36.20,p=1011.93",62,5,False,False
1003,"t=22.99,h=36.20,p=1011.93",61,5,False,False
1004,"t=22.99,h=36.20,p=1011.93",62,6,False,False
1005,"t=22.99,h=36.20,p=1011.93",61,38,False,False
1006,"t=22.99,h=36.20,p=1011.93",63,17,False,False
1007,"t=22.99,h=36.20,p=1011.93",61,5,False,False
1008,"t=22.99,h=36.17,p=1011.92",63,5,False,False
1009,"t=22.99,h=36.17,p=1011.92",62,5,False,False
1010,"t=22.99,h=36.17,p=1011.92",62,5,False,False
1011,"t=22.99,h=36.17,p=1011.92",61,5,False,False
1012,"t=22.99,h=36.17,p=1011.92",62,5,False,False
1013,"t=22.99,h=36.17,p=1011.92",61,5,False,False
1014,"t=22.99,h=36.17,p=1011.92",63,5,False,False
1015,"t=22.99,h=36.17,p=1011.92",61,15,False,False
1016,"t=22.99,h=36.17,p=1011.92",64,5,False,False
1017,"t=22.99,h=36.18,p=1011.95",61,5,False,False
1018,"t=22.99,h=36.18,p=1011.95",62,5,False,False
1019,"t=22.99,h=36.18,p=1011.95",61,6,False,False
1020,"t=22.99,h=36.18,p=1011.95",62,15,False,False
1021,"t=22.99,h=36.18,p=1011.95",61,12,False,False
1022,"t=22.99,h=36.18,p=1011.95",62,7,False,False
1023,"t=22.99,h=36.18,p=1011.95",61,5,False,False
1024,"t=22.99,h=36.18,p=1011.95",63,8,False,False
1025,"t=22.99,h=36.18,p=1011.95",82,28,False,False
1026,"t=22.99,h=36.18,p=1011.95",63,17,False,False
1027,"t=23.00,h=36.20,p=1011.93",61,5,False,False
1028,"t=23.00,h=36.20,p=1011.93",62,5,False,False
1029,"t=23.00,h=36.20,p=1011.93",61,6,False,False
1030,"t=23.00,h=36.20,p=1011.93",62,5,False,False
1031,"t=23.00,h=36.20,p=1011.93",78,5,False,False
1032,"t=23.00,h=36.20,p=1011.93",62,5,False,False
1033,"t=23.00,h=36.20,p=1011.93",61,5,False,False
1034,"t=23.00,h=36.20,p=1011.93",62,5,False,False
1035,"t=23.00,h=36.20,p=1011.93",61,5,False,False
1036,"t=23.00,h=36.20,p=1011.93",62,28,False,False
1037,"t=23.00,h=36.19,p=1011.93",63,17,False,False
1038,"t=23.00,h=36.19,p=1011.93",62,3,False,False
1039,"t=23.00,h=36.19,p=1011.93",61,6,False,False
1040,"t=23.00,h=36.19,p=1011.93",62,5,False,False
1041,"t=23.00,h=36.19,p=1011.93",61,5,False,False
1042,"t=23.00,h=36.19,p=1011.93",63,6,False,False
1043,"t=23.00,h=36.19,p=1011.93",61,6,False,False
1044,"t=23.00,h=36.19,p=1011.93",63,6,False,False
1045,"t=23.00,h=36.19,p=1011.93",61,5,False,False
1046,"t=23.00,h=36.20,p=1011.93",62,46,False,False
1047,"t=23.00,h=36.20,p=1011.93",62,17,False,False
1048,"t=23.00,h=36.20,p=1011.93",62,17,False,False
1049,"t=23.00,h=36.20,p=1011.93",61,14,False,False
1050,"t=23.00,h=36.20,p=1011.93",62,12,False,False
1051,"t=23.00,h=36.20,p=1011.93",61,13,False,False
1052,"t=23.00,h=36.20,p=1011.93",62,5,False,False
1053,"t=23.00,h=36.20,p=1011.93",61,5,False,False
1054,"t=23.00,h=36.20,p=1011.93",62,5,False,False
1055,"t=23.00,h=36.20,p=1011.93",61,5,False,False
1056,"t=23.00,h=36.17,p=1011.94",62,5,False,False
1057,"t=23.00,h=36.17,p=1011.94",61,5,False,False
1058,"t=23.00,h=36.17,p=1011.94",62,33,False,False
1059,"t=23.00,h=36.17,p=1011.94",70,17,False,False
1060,"t=23.00,h=36.17,p=1011.94",62,5,False,False
1061,"t=23.00,h=36.17,p=1011.94",61,7,False,False
1062,"t=23.00,h=36.17,p=1011.94",62,5,False,False
1063,"t=23.00,h=36.17,p=1011.94",61,5,False,False
1064,"t=23.00,h=36.17,p=1011.94",62,15,False,False
1065,"t=23.00,h=36.17,p=1011.94",63,5,False,False
1066,"t=22.98,h=36.19,p=1011.88",63,6,False,False
1067,"t=22.98,h=36.19,p=1011.88",62,5,False,False
1068,"t=22.98,h=36.19,p=1011.88",86,38,False,False
1069,"t=22.98,h=36.19,p=1011.88",62,5,False,False
1070,"t=22.98,h=36.19,p=1011.88",63,5,False,False
1071,"t=22.98,h=36.19,p=1011.88",61,5,False,False
1072,"t=22.98,h=36.19,p=1011.88",62,5,False,False
1073,"t=22.98,h=36.19,p=1011.88",61,5,False,False
1074,"t=22.98,h=36.19,p=1011.88",62,6,False,False
1075,"t=22.98,h=36.19,p=1011.88",62,5,False,False
1076,"t=22.99,h=36.20,p=1011.93",63,5,False,False
